{"cameraMode":{"drawMode":0,"name":"Shaded","section":"Shading Mode"},"sceneLighting":true,"audioPlay":false,"sceneViewState":{"showFog":true,"showMaterialUpdate":false,"showSkybox":true,"showFlares":true,"showImageEffects":false,"showParticleSystems":true},"in2DMode":false,"pivot":{"x":29.691076278686525,"y":12.629355430603028,"z":144.5878143310547},"rotation":{"x":0.11907755583524704,"y":-0.49593281745910647,"z":0.06887631863355637,"w":0.8573972582817078},"size":8.160923957824707,"orthographic":false}